alook.browser,10000000000,false
alook.browser.google,10000000000,false
app.vanadium.browser,10000000000,false
app.vanadium.webview,10000000000,false
com.aloha.browser,10000000000,false
com.alohamobile.browser,10000000000,false
com.amazon.cloud9,10000000000,false
com.android.browser,10000000000,false
com.android.chrome,10000000000,false
com.android.htmlviewer,10000000000,false
com.avast.android.secure.browser,10000000000,false
com.avg.android.secure.browser,10000000000,false
com.brave.browser,10000000000,false
com.brave.browser_beta,10000000000,false
com.brave.browser_default,10000000000,false
com.brave.browser_dev,10000000000,false
com.brave.browser_nightly,10000000000,false
com.chrome.beta,10000000000,false
com.chrome.canary,10000000000,false
com.chrome.dev,10000000000,false
com.cookiegames.smartcookie,10000000000,false
com.cookiejarapps.android.smartcookieweb,10000000000,false
com.duckduckgo.mobile.android,10000000000,false
com.ecosia.android,10000000000,false
com.google.android.apps.chrome,10000000000,false
com.google.android.apps.chrome_dev,10000000000,false
com.google.android.captiveportallogin,10000000000,false
com.iode.firefox,10000000000,false
com.jamal2367.styx,10000000000,false
com.kiwibrowser.browser,10000000000,false
com.kiwibrowser.browser.dev,10000000000,false
com.microsoft.emmx,10000000000,false
com.microsoft.emmx.beta,10000000000,false
com.microsoft.emmx.canary,10000000000,false
com.microsoft.emmx.dev,10000000000,false
com.mmbox.browser,10000000000,false
com.mmbox.xbrowser,10000000000,false
com.mycompany.app.soulbrowser,10000000000,false
com.naver.whale,10000000000,false
com.opera.browser,10000000000,false
com.opera.browser.beta,10000000000,false
com.opera.gx,10000000000,false
com.opera.mini.native,10000000000,false
com.opera.mini.native.beta,10000000000,false
com.opera.touch,10000000000,false
com.qflair.browserq,10000000000,false
com.qwant.liberty,10000000000,false
com.sec.android.app.sbrowser,10000000000,false
com.sec.android.app.sbrowser.beta,10000000000,false
com.startpage.app,10000000000,false
com.stoutner.privacybrowser.free,10000000000,false
com.stoutner.privacybrowser.standard,10000000000,false
com.vivaldi.browser,10000000000,false
com.vivaldi.browser.snapshot,10000000000,false
com.vivaldi.browser.sopranos,10000000000,false
com.yandex.browser,10000000000,false
com.z28j.feel,10000000000,false
idm.internet.download.manager,10000000000,false
idm.internet.download.manager.adm.lite,10000000000,false
idm.internet.download.manager.plus,10000000000,false
io.github.forkmaintainers.iceraven,10000000000,false
mark.via,10000000000,false
mark.via.gp,10000000000,false
net.quetta.browser,10000000000,false
net.slions.fulguris.full.download,10000000000,false
net.slions.fulguris.full.download.debug,10000000000,false
net.slions.fulguris.full.playstore,10000000000,false
net.slions.fulguris.full.playstore.debug,10000000000,false
net.waterfox.android.release,10000000000,false
org.adblockplus.browser,10000000000,false
org.adblockplus.browser.beta,10000000000,false
org.bromite.bromite,10000000000,false
org.bromite.chromium,10000000000,false
org.chromium.chrome,10000000000,false
org.chromium.webview_shell,10000000000,false
org.cromite.cromite,10000000000,false
org.cromite.webview,10000000000,false
org.codeaurora.swe.browser,10000000000,false
org.gnu.icecat,10000000000,false
org.ironfoxoss.ironfox,10000000000,true
org.mozilla.fenix,10000000000,true
org.mozilla.fenix.nightly,10000000000,false
org.mozilla.fennec_aurora,10000000000,false
org.mozilla.fennec_fdroid,10000000000,true
org.mozilla.firefox,2015836711,true
org.mozilla.firefox_beta,2015849447,true
org.mozilla.focus,10000000000,true
org.mozilla.reference.browser,10000000000,false
org.mozilla.rocket,10000000000,false
org.torproject.torbrowser,10000000000,true
org.torproject.torbrowser_alpha,10000000000,true
org.ungoogled.chromium.extensions.stable,10000000000,false
org.ungoogled.chromium.stable,10000000000,false
us.spotco.fennec_dos,10000000000,false
